{"err1_percent": 9.757829758707107, 
"voe": 32.603380710066091, 
"vd": 59.220307404324302, 
"volume1_mm3": 1177490.8157175754, 
"sliver_vd_pts": 0, 
"sliver_avgd_pts": 0, 
"err1_mm3": 148918.89014682351, 
"sliver_rmsd_pts": 0, 
"sliver_overall_pts": 5.7043634862756933, 
"rmsd": 219.21047361378206, 
"avgd": 11.282816259693321, 
"err2_mm3": 846232.57087245747, 
"sliver_voe_pts": 0, 
"sliver_maxd_pts": 28.521817431378466, 
"volume2_mm3": 1874804.4964432095, 
"maxd": 54.323418752152392, 
"err2_percent": 55.448931661425085}